"8th Grade Standardized Test Score","10th Grade GPA","8th Grade GPA","Income ($)","ParentEducation","Region","FeelGood","ChanceLuckImportant","DoThingsAsWellAsOthers","Misbehaving","ChatAboutActivities"
65.76000118255615,2.625,3.8,7,1,1,2,3,1,0,3
62.22249984741211,3,3.5,10,1,1,1,2,2,0,3
54.23500061035156,2.125,3.3,11,1,1,1,3,2,1,3
41.93000030517578,2.875,2.8,8,0,1,1,3,2,0,2
44.90000057220459,2.75,2.5,12,2,1,1,3,1,0,3
55.55000019073486,2.375,2.5,13,2,1,1,4,1,1,3
66.14249992370605,3.125,3.5,11,1,2,2,4,2,0,3
43.22000026702881,2.125,2.3,12,0,2,2,2,2,0,2
62.61249923706055,2.875,3.3,11,0,2,2,4,1,0,3
43.95750045776367,1.75,2,10,1,2,2,4,2,0,2
55.545000076293945,2.125,2.3,11,1,2,2,4,2,0,3
52.282501220703125,2.5,2.8,10,1,2,2,3,2,0,3
51.204999923706055,2.25,3,15,1,2,2,4,2,0,3
59.867499351501465,3.875,3.5,10,2,2,2,2,2,0,2
65.78749942779541,3.375,3.8,8,1,2,2,3,2,0,3
51.562499046325684,4,4,14,2,2,1,4,1,0,3
39.60249996185303,2.625,2.4,7,0,2,1,1,2,0,2
51.70750045776367,3,3.5,12,1,2,1,4,1,0,3
50.96000003814697,2.5,3,11,1,2,2,2,2,0,2
48.28750038146973,2.375,2.5,11,1,2,2,3,2,1,3
68.04500198364258,3.375,4,10,2,2,2,2,1,0,3
54.347500801086426,1.75,2.5,7,0,2,2,3,2,0,3
43.76249885559082,1.75,2.5,6,0,2,1,4,1,1,2
46.72000026702881,3.125,2.3,10,0,2,3,2,2,2,2
39.042500495910645,1.5,2.3,10,0,2,2,2,1,2,3
66.44500064849854,3.75,4,12,2,2,1,4,2,0,3
47.260000228881836,2.5,2.5,7,1,2,1,3,1,2,3
60.14250087738037,3.375,3.5,14,1,2,1,4,1,0,3
57.917500495910645,2.5,3,7,0,2,2,2,2,0,3
53.71000003814697,1,3.3,7,0,2,2,3,2,0,2
54.80000114440918,3.625,3.8,6,1,2,2,1,3,2,3
59.942501068115234,3,3.3,9,1,2,1,2,2,1,3
39.18499946594238,2.75,3.3,10,1,2,1,3,2,0,3
42.23750019073486,2.875,2.8,9,0,2,2,3,2,0,2
53.552499771118164,0.5,2.3,4,0,2,2,2,2,1,2
59.767499923706055,3.875,3.8,12,1,2,1,4,1,0,3
49.39999961853027,0.5,2.3,11,0,2,2,3,1,2,3
49.80999946594238,1.625,2,12,1,2,1,4,2,0,3
67.16500091552734,3.875,4,6,1,2,2,3,1,0,3
44.295000076293945,2.75,3,3,0,2,3,3,2,0,1
51.214999198913574,2.5,2.8,10,1,2,1,1,2,0,3
70.35000038146973,4,4,11,1,2,1,2,1,1,3
58.14750003814697,1.875,2.3,10,0,2,2,2,1,1,3
66.47999954223633,3.875,4,8,1,2,1,4,1,0,3
64.73999977111816,3.25,2.8,10,1,2,1,3,2,0,2
72.99749946594238,2.875,3.3,11,2,2,1,3,1,0,3
56.9950008392334,3.5,4,14,0,2,1,2,1,2,3
64.93750095367432,3.75,3,7,1,2,2,3,2,0,3
40.292500495910645,2.625,1.8,5,0,2,2,3,2,0,2
50.392499923706055,2.5,3.3,11,1,2,2,2,2,0,3
52.94250011444092,3.375,3.3,14,0,2,2,3,2,0,2
53.33500003814697,2.75,3.3,12,1,2,2,3,2,0,3
58.47500038146973,1.625,2,10,1,2,2,3,2,2,3
42.327500343322754,1.75,3.8,10,2,2,1,2,2,0,3
53.76249980926514,3.5,3.5,11,0,2,1,4,4,0,2
56.92000102996826,3.5,3.5,10,1,2,1,3,1,0,3
54.62249946594238,2.875,1.9,11,2,2,1,2,1,2,3
61.52500057220459,3.625,3.8,11,2,2,1,3,1,1,2
73.05500030517578,3.75,4,12,2,2,2,3,1,0,3
70.91249942779541,3.375,3.5,12,2,2,2,3,2,0,3
54.64999961853027,3,3.3,11,0,2,2,3,1,0,3
51.16749954223633,1.75,3.3,11,1,2,1,1,2,1,2
51.152499198913574,1.875,2.4,9,0,2,3,2,2,0,3
58.66999912261963,2.75,3.3,11,2,2,2,1,1,0,2
38.45500087738037,1.375,1.8,11,0,2,1,2,2,1,2
39.70249938964844,3,2.8,10,1,2,2,2,3,0,2
41.820000648498535,3.25,2.4,7,0,2,2,1,2,0,1
44.957499504089355,3.625,4,11,1,2,2,3,2,0,2
53.232500076293945,3.625,4,10,1,2,2,3,2,0,3
44.72000026702881,2.125,1.4,5,0,2,2,2,2,2,2
62.06999969482422,3.125,3.5,10,1,2,1,4,2,0,3
62.320000648498535,3.625,4,13,1,2,2,3,2,0,2
53.05249881744385,1.625,3.5,10,1,2,1,3,1,1,3
61.96250057220459,4,3.5,12,1,2,3,3,3,0,3
43.427499771118164,2,2.7,10,1,2,1,1,1,1,2
65.6225004196167,3.25,3,10,1,2,2,3,1,0,2
68.41000080108643,3.75,2.8,7,0,2,1,3,2,0,2
38.74499988555908,0.5,2.8,9,0,2,2,3,2,0,3
52.97249984741211,3.625,3.5,10,1,2,2,4,2,0,3
55.327500343322754,3.375,3.8,11,1,2,1,4,2,0,3
46.03750038146973,2.625,2.5,10,0,2,2,3,2,0,3
45.90749931335449,2.625,2.5,10,1,2,2,3,2,1,2
47.882500648498535,2.25,2.5,4,0,2,1,3,1,0,3
58.55999946594238,3.375,3.3,11,1,2,1,2,2,0,3
56.41250133514404,3.375,3.5,12,1,2,2,2,1,0,3
52.05749988555908,3.875,3.5,12,1,2,1,3,1,0,2
50.52499961853027,2.25,2,9,1,2,2,3,2,1,3
51.28999996185303,2.75,2.5,11,2,2,2,3,1,0,2
60.31999969482422,3.375,3.5,12,1,2,2,3,2,1,2
37.125,2.875,2.5,10,2,2,2,2,2,0,2
48.47749996185303,2.75,2.5,11,1,2,2,2,2,0,2
59.570000648498535,4,4,11,0,2,1,2,1,1,3
46.91749954223633,3,3,8,1,2,2,1,1,0,3
62.125,2.25,3.3,5,1,2,2,2,2,0,3
41.9325008392334,1.5,2.5,10,1,2,1,3,1,1,3
45.60249996185303,3.125,2.5,10,1,2,2,3,2,0,2
49.332499504089355,2.75,2.3,11,1,2,2,4,1,0,3
39.22500038146973,2.5,4,9,0,2,1,4,1,0,3
51.86750030517578,1.875,1.8,9,1,2,2,2,2,0,1
51.49499988555908,3,3.3,11,0,2,2,4,2,1,2
53.197500228881836,2,3,12,0,2,3,2,3,0,3
52.3174991607666,3.5,3,8,1,2,2,3,2,2,1
50.28999996185303,2.5,2.8,11,1,2,2,2,2,0,3
50.53999900817871,2.125,3,10,1,2,2,4,2,0,3
59.0625,2.375,3.5,10,1,2,1,4,1,1,3
61.432498931884766,3.125,3.5,12,2,2,2,3,2,0,1
40.24749946594238,2.25,2,11,1,2,2,3,2,0,3
55.26250076293945,2.75,3,10,1,2,2,4,2,0,3
46.177499771118164,3.375,2,10,0,2,2,4,2,0,3
54.9375,3.5,4,15,1,2,1,2,1,0,3
35.277499198913574,1.875,3,12,1,2,1,1,1,0,3
41.17500019073486,2.5,2.1,10,0,2,2,3,2,1,3
53.5600004196167,2.5,2.5,11,0,2,1,1,1,0,2
49.82999897003174,2.625,3.5,11,1,2,2,4,2,0,3
55.345001220703125,3.25,3.5,10,1,2,1,3,1,0,2
45.660000801086426,3.125,3.8,13,2,2,2,4,1,0,3
62.24250030517578,4,3.5,13,1,2,1,2,2,0,3
39.69499969482422,2.75,2.8,10,1,2,2,2,2,1,2
59.00999927520752,3.375,3.5,6,1,2,1,4,1,0,1
51.94499969482422,1.75,1.8,8,1,2,3,2,2,0,2
63.84499931335449,2.75,1.9,4,0,2,2,3,2,2,3
39.625,2.5,3,8,0,2,2,3,2,0,3
63.51749897003174,3.625,3.8,11,1,2,1,3,2,1,3
55.75749969482422,2.875,3.5,9,1,2,2,3,1,0,3
39.45249938964844,2.5,3,9,1,2,1,3,2,0,3
59.619998931884766,3.625,3.3,9,1,2,2,3,2,0,2
60.61750030517578,2.25,3,12,1,2,2,2,1,0,2
38.5649995803833,2.625,2.7,7,1,2,1,2,1,2,2
49.58500099182129,2,1.8,10,0,2,3,2,2,0,3
51.614999771118164,2.625,2.5,10,0,2,1,3,2,2,3
42,1.25,1,12,0,2,1,4,1,1,2
54.74249839782715,2.5,3,11,1,2,2,3,3,0,3
55.4399995803833,3.5,3.5,11,1,2,2,3,2,0,3
55.65250015258789,3.375,2.8,12,1,2,2,2,2,0,3
45.64999866485596,1.5,2.5,13,2,2,2,4,2,1,3
70.61999893188477,3,4,13,2,2,2,3,1,0,3
40.26749897003174,2,2,14,1,2,1,4,1,2,3
46.63749980926514,1.875,3,8,0,2,2,2,3,0,3
58.717498779296875,4,4,9,1,2,1,3,2,0,3
60.44250011444092,3.125,3,8,1,2,2,3,1,0,2
58.422499656677246,2.75,2.3,7,2,2,2,3,2,0,2
53.41749954223633,3.5,3,8,1,2,2,2,2,0,3
40.13749980926514,2.875,1.8,7,0,2,2,2,2,2,2
63.28999996185303,2.5,3,12,2,2,1,2,2,1,3
45.68249988555908,2.625,2.8,11,0,2,2,2,2,0,3
55.83749866485596,3.625,3.5,8,1,2,2,3,1,0,2
39.38750076293945,1.5,1.6,7,1,2,2,4,2,2,2
36.23249959945679,2.5,2.5,13,1,2,1,1,2,2,2
53.71249961853027,3.375,3,6,1,2,2,3,2,1,2
46.58750057220459,2.375,1.5,8,0,2,2,4,2,1,2
59.34749984741211,2.625,2.5,7,0,2,2,3,2,0,2
66.86500072479248,3.625,4,8,2,2,2,3,2,0,3
45.84250068664551,1.5,1.8,6,1,2,3,2,1,0,3
40.19999980926514,3.875,2.6,9,0,2,2,4,2,0,2
53.322500228881836,3.5,2.5,10,0,2,2,4,3,1,2
51.44000053405762,2.625,2.5,12,1,2,2,3,1,0,3
49.795000076293945,2.75,2.5,6,0,2,2,3,2,0,2
64.0024995803833,3.75,3,11,0,2,3,3,2,0,3
60.51499938964844,3.75,3.5,11,0,2,2,4,1,0,3
63.89250087738037,3.375,3.3,11,1,2,1,3,1,0,2
73.00749969482422,4,4,13,2,2,2,3,2,0,3
60.72749996185303,1.75,2.3,10,1,2,1,4,2,0,3
46.55500030517578,2.5,2.8,9,1,2,1,2,1,0,2
39.84000110626221,2.375,3,8,1,2,2,3,2,0,3
45.60499954223633,2.5,3,11,1,2,2,2,2,0,2
47.795000076293945,2.875,2.3,11,1,2,3,3,2,2,1
62.855000495910645,2.625,3,12,2,2,2,3,1,0,3
57.142499923706055,4,4,10,0,2,2,4,2,0,2
55.109999656677246,3.75,3.5,9,1,2,2,2,1,0,2
40.177499771118164,2.625,2.5,7,0,2,3,2,2,1,3
37.34250068664551,1.5,2.1,12,0,2,3,2,2,2,2
41.5600004196167,2.875,2.7,8,0,1,1,3,3,0,2
52.357500076293945,1.875,3.3,11,2,1,2,3,2,1,3
40.22500038146973,2.5,3,10,1,1,2,2,1,1,1
54.19000053405762,3.125,2.8,12,1,1,2,3,1,0,2
56.19749927520752,3.875,4,10,1,1,2,3,2,0,3
50.855000495910645,2.25,2.2,11,0,1,2,1,2,0,2
55.57750129699707,3.25,4,11,1,1,3,3,1,0,2
54.24250030517578,2.375,3.5,9,0,1,2,2,1,0,2
40.392499923706055,1.125,2.5,11,1,1,1,2,2,0,2
50.77000045776367,2.625,3.3,11,1,1,1,4,1,0,3
51.34000015258789,2.5,2.4,12,2,1,1,4,2,0,3
60.61250019073486,3.625,3.3,14,2,1,2,4,1,0,2
50.26749897003174,3.25,3.3,11,1,1,2,4,3,0,3
67.8650016784668,4,4,7,0,2,1,4,1,0,3
59.32250118255615,4,4,10,1,2,2,4,2,0,3
59.232500076293945,2.75,3,6,1,2,2,4,3,0,3
41.542500495910645,1.625,2.1,8,0,2,2,1,1,0,3
59.77000045776367,2.875,2.8,11,1,2,2,2,2,0,2
68.84999942779541,3.75,4,12,1,2,2,3,2,0,2
47.25500011444092,2.75,2.8,12,1,2,2,2,2,0,2
56.61250019073486,3.125,3.5,10,1,1,2,2,2,0,3
60.79249954223633,3.25,3.8,8,1,2,1,3,1,2,3
56.08749961853027,2.5,3.8,12,1,2,1,2,1,2,3
51.767499923706055,4,3.3,10,1,2,2,4,2,0,2
66.34500026702881,3.5,4,11,1,2,1,4,1,0,3
66.75999927520752,3.5,3.5,10,2,1,2,3,2,0,3
45.079999923706055,2.125,2,11,0,1,1,3,1,0,2
58.65750026702881,3.75,4,12,2,1,3,2,1,0,2
45.47999954223633,1,3.5,8,1,1,2,4,2,0,2
45.047499656677246,2.5,3,7,1,2,2,3,1,0,2
46.97249984741211,2.75,2.5,11,1,2,2,2,2,0,3
64.86750030517578,2,4,11,1,2,2,4,1,0,3
56.34999942779541,3.5,3.3,14,2,2,2,3,2,0,3
60.38000011444092,1.25,3.3,12,1,2,2,3,2,0,3
61.48499870300293,2.375,3,11,2,2,2,3,2,0,2
61.670000076293945,3.75,4,15,2,2,2,2,1,0,3
35.46500015258789,2.75,3.3,6,0,3,1,1,1,0,3
42.390000343322754,2.125,2.5,10,1,3,2,1,1,0,3
64.69500064849854,3.75,3,10,1,3,2,4,2,0,3
39.757500648498535,2.125,2.8,7,0,3,1,4,1,1,2
65.02000045776367,3.25,3.8,10,1,3,2,3,2,0,3
64.8149995803833,3.25,4,13,1,3,2,4,2,0,3
42.83500099182129,2.625,3,4,1,3,2,2,2,1,2
46.517499923706055,3.5,4,10,0,3,1,1,1,0,2
45.27999973297119,3.125,2.5,8,1,3,1,2,2,0,3
70.92749977111816,3,4,11,2,3,2,3,1,0,3
40.78250026702881,2.5,2.5,11,2,3,2,3,3,0,2
57.345001220703125,2.875,3,10,1,3,1,3,2,0,3
52.03000068664551,2.25,4,11,0,3,2,4,1,0,3
46.00500011444092,3.5,2.8,10,0,3,2,3,2,0,2
57.447500228881836,2.375,3.8,10,1,3,2,1,1,1,3
57.57249927520752,3.875,3.8,11,1,3,1,4,1,0,3
53.13999938964844,2,3.5,8,1,3,1,2,1,0,3
38.3149995803833,0.875,1.5,8,0,3,2,1,1,0,2
37.09499931335449,2.125,2.3,2,0,3,2,1,2,1,2
41.07499980926514,2.25,2.5,8,0,3,1,2,2,0,2
59.61250019073486,3.25,3.8,8,1,3,2,4,1,0,3
44.50749969482422,3.375,3.5,10,0,3,2,3,2,0,2
41.03750038146973,3.25,2.3,10,0,3,1,4,1,1,1
57.464999198913574,2.625,3.3,14,0,3,2,3,2,0,3
41.222500801086426,3,1.6,14,0,3,1,3,2,0,2
46.972500801086426,3,2.8,10,1,3,2,3,2,0,2
64.15249919891357,3.75,3.5,12,1,3,1,4,2,0,2
43.90499973297119,1.375,1.5,5,0,3,2,3,2,0,1
65.79500007629395,3.875,3.8,8,1,3,2,4,1,0,2
41.38000011444092,2.375,2.8,8,0,3,1,3,2,0,2
39.929999351501465,2.375,2.5,10,1,3,1,2,2,1,3
59.77750015258789,3.875,4,11,1,3,1,3,1,0,1
45.78499984741211,2,2.5,9,0,3,3,3,3,0,2
54.51249980926514,2.375,3.8,10,1,3,2,3,2,0,3
59.38749980926514,4,3.5,10,1,3,2,3,2,0,3
67.25500106811523,3.625,4,11,1,3,1,4,2,0,3
49.17500019073486,3.125,3.3,6,1,3,1,2,2,0,2
56.8774995803833,3.25,3.8,11,2,3,3,4,2,0,1
49.947500228881836,3.625,3.8,10,0,3,1,4,1,0,3
42.65250015258789,1.625,2.5,7,0,3,2,4,2,0,2
46.6825008392334,3.375,4,7,0,3,1,4,2,0,3
39.77750015258789,2.625,3,6,2,3,1,1,1,0,3
66.53249931335449,3.625,3.3,12,2,3,2,3,2,0,3
42.02499961853027,1,2.5,9,1,3,2,2,1,1,3
51.505001068115234,3.25,3.5,4,0,3,2,2,2,0,3
46.03999996185303,3.25,2.5,11,1,3,1,4,1,0,3
48.6225004196167,2.75,3.5,10,0,3,1,1,3,0,3
46.02250003814697,3.125,2.5,3,0,3,1,4,1,0,2
55.4950008392334,3.125,2.5,11,1,3,2,3,2,0,3
35.42500066757202,3.375,2.5,7,0,3,2,2,3,1,3
58.9325008392334,4,4,10,0,3,2,4,1,0,3
40.74749994277954,3.625,3.8,6,0,3,1,3,1,0,3
57.82749938964844,3,4,7,0,3,1,4,1,0,3
52.50250053405762,2,3.3,9,0,3,3,3,3,0,2
40.929999351501465,1.625,2,5,0,3,2,3,2,0,3
45.672499656677246,2.5,2.3,5,0,3,4,4,2,0,2
49.364999771118164,3.125,4,11,2,3,2,4,1,0,3
44.6875,3,2,7,1,3,2,2,1,0,3
41.1850004196167,2.5,2.5,8,1,3,2,3,2,0,3
58.867499351501465,3.5,3.5,12,1,3,2,4,1,0,3
66.78750038146973,3.625,4,12,1,3,1,3,1,0,3
40.55250072479248,2.25,2,4,1,3,2,3,2,0,3
42.13749980926514,1.75,3.3,3,1,3,1,1,1,0,3
56.897499084472656,3.5,4,11,2,3,1,3,1,0,3
64.52999877929688,4,4,12,2,3,2,3,2,0,3
43.329999923706055,2.625,2.4,11,1,3,3,1,2,0,2
43.09999942779541,2.5,1.3,9,0,3,2,2,2,2,2
45.26749897003174,2.875,1.9,11,1,3,1,3,2,0,1
48.797499656677246,3.5,3.8,11,1,3,2,4,1,0,3
39.95750045776367,1.375,2.5,3,2,3,2,2,3,1,2
46.079999923706055,2.375,1.8,8,1,3,2,3,1,2,2
57.2524995803833,4,4,12,1,3,2,3,1,0,3
61.10249996185303,4,4,7,0,3,2,4,1,0,3
45.182498931884766,3.5,3.8,9,0,3,2,2,2,0,2
52.34749984741211,3.25,3,10,1,3,1,3,1,0,3
42.39750003814697,2.5,4,12,1,3,1,2,2,0,3
52.00999927520752,2.75,3,9,2,3,2,2,2,0,1
48.839999198913574,2.625,2.5,8,0,3,2,2,2,0,2
44.59999942779541,3.125,3,10,1,3,1,2,2,0,2
65.29250049591064,3.5,4,10,1,3,4,3,3,0,3
42.85499954223633,1.375,2,5,0,3,1,3,2,0,2
58.59999942779541,4,4,10,1,3,1,3,2,0,1
52.3100004196167,3.5,3.3,8,0,3,1,3,1,0,3
49.952500343322754,3.625,3.8,8,1,3,1,3,1,0,3
52.5600004196167,3.25,3.3,6,1,3,2,3,2,0,3
46.47500038146973,3.25,3,2,1,3,1,1,2,0,2
43.96999931335449,3.25,3.8,10,0,3,1,1,2,0,2
35.43999910354614,2.125,1.2,11,1,3,1,1,3,0,2
44.75999927520752,2.625,2.3,10,1,3,2,3,2,0,3
41.11249923706055,1.375,2.5,12,1,3,2,1,2,0,2
59.562499046325684,2.5,2.8,11,1,3,2,4,1,0,2
57.13749885559082,3.125,3.3,13,1,3,2,4,2,0,3
44.992499351501465,2.5,1.8,11,1,3,2,3,2,0,2
36.3149995803833,1.5,2,9,0,3,2,3,1,0,1
48.44999980926514,3.875,4,11,1,3,2,4,2,0,3
49.757500648498535,3,3.3,10,1,3,1,4,2,0,3
55.0625,2.375,2.3,11,2,3,2,3,2,1,2
39.234999656677246,1.75,1.8,9,0,3,2,3,3,0,1
48.01499938964844,3.375,3.3,7,1,3,2,3,1,1,3
46.55000019073486,2.875,2.5,9,1,3,1,3,2,0,3
39.71750068664551,1.75,1.8,13,0,3,2,2,2,1,2
44.27750015258789,3.125,2.8,8,1,3,2,2,1,0,3
44.697500228881836,2.5,2.5,7,1,3,2,2,2,1,2
38.99250030517578,2.5,2.7,3,1,3,1,1,1,1,3
56.13249969482422,2.5,3.5,12,1,3,2,3,2,0,2
40.515000343322754,2.625,3,3,0,3,1,2,2,0,1
45.52499961853027,2.625,3,7,0,3,2,3,2,1,1
41.75749921798706,3.25,3.3,5,0,3,2,2,2,0,2
55.572500228881836,3.5,3.3,5,0,3,2,3,2,1,2
60.21250057220459,2.125,3,14,2,3,2,4,1,0,3
58.3149995803833,3.375,2.5,10,0,3,2,3,1,1,1
44.55250072479248,2.625,2.3,9,0,3,2,2,1,0,2
39.84250068664551,1.875,2.5,9,0,3,2,3,2,0,3
59.36000061035156,3.875,3.8,10,1,3,2,3,1,0,3
56.052499771118164,4,4,11,1,3,2,2,2,0,2
53.1850004196167,3.125,3.8,10,1,3,2,2,2,1,2
44.65250015258789,3,3,5,0,3,1,3,1,1,3
65.27749919891357,4,4,12,1,3,2,2,2,0,3
48.98249912261963,3.375,3.5,3,1,3,1,1,1,0,3
38.579999923706055,3.625,3.3,8,0,3,2,2,2,0,1
40.96000003814697,2.5,3,7,1,3,1,1,2,1,2
43.73250102996826,3.25,2.5,4,1,3,1,1,1,0,2
41.945000648498535,2.875,3.3,11,1,3,2,3,2,0,2
55.32499980926514,3.75,3.5,9,1,3,1,1,2,1,1
53.33000087738037,4,4,10,1,3,1,3,1,0,3
47.61500072479248,2.75,3,11,1,3,1,3,1,2,1
52.78499984741211,2.25,3.3,7,1,3,1,3,1,0,3
58.0625,4,4,9,0,3,2,4,1,0,3
52.87249946594238,3.25,3,11,1,3,2,3,3,0,3
57.71000003814697,4,4,11,1,3,2,2,2,0,3
51.55500030517578,3.125,3.5,10,1,3,2,3,1,0,3
59.67500019073486,3.5,3,10,1,3,1,3,1,0,3
51.0649995803833,3,3,11,1,3,2,2,2,0,2
63.997501373291016,3.75,4,13,2,3,2,3,2,0,3
37.09500074386597,2.875,3,10,1,3,2,2,2,0,3
55.40499973297119,3.625,3.8,9,0,3,1,3,2,1,3
64.33250045776367,3.25,3.3,11,1,3,2,3,2,0,3
61.695000648498535,3.25,4,9,0,3,2,3,2,0,2
47.932498931884766,3.5,3.3,5,1,3,2,2,2,0,3
47.10249900817871,3.25,3.3,11,1,3,2,1,2,0,3
51.6899995803833,3.125,3.1,9,0,3,2,3,2,1,3
53.39250087738037,3.625,4,8,0,3,2,2,3,0,3
39.49250030517578,1.75,2,4,0,3,1,3,1,0,2
45.65500068664551,3.375,2.5,9,0,3,2,3,2,1,3
54.35499954223633,2.5,3,10,1,3,2,4,3,0,2
49.529998779296875,3,3,10,1,3,1,3,2,0,2
42.72000026702881,1.625,2,9,1,3,2,3,1,2,3
52.08500003814697,2.875,1.8,7,0,3,2,2,2,0,2
47.41499900817871,1.375,2.4,4,0,3,2,2,2,0,3
50.60000038146973,3.25,3.8,9,0,3,1,2,1,0,2
53.035000801086426,3.125,3.3,10,0,3,1,3,1,1,3
45.85499954223633,2.875,3.3,11,1,3,1,4,2,0,3
38.510000228881836,2.625,2.5,2,0,3,2,1,2,0,3
46.125000953674316,3.5,3,10,1,3,2,2,1,0,3
46.114999771118164,3.5,3,7,0,3,2,3,2,0,1
52.4350004196167,3.5,3,11,1,3,1,1,1,1,3
46.682498931884766,3,3.3,11,1,3,2,3,1,1,3
39.07749938964844,1.75,2.3,10,1,3,2,3,1,1,3
50.13750076293945,3.5,3,12,1,3,2,3,1,0,1
47.14500045776367,3.75,3.5,5,0,3,2,4,1,0,2
66.30000114440918,3.625,3.8,12,1,3,2,2,2,0,3
71.94499778747559,3.5,4,12,2,3,2,4,1,2,2
47.767499923706055,3,3,11,0,3,2,3,2,0,3
51.17500019073486,3.25,3.3,11,0,3,2,3,1,1,3
63.44999980926514,3.625,4,11,2,3,2,3,2,1,2
62.392499923706055,4,4,11,0,3,1,4,1,0,2
43.222500801086426,2.125,3,9,1,3,2,3,1,0,2
47.17499923706055,3.375,2.2,12,1,3,2,1,2,0,2
54.38750076293945,4,4,12,1,3,2,3,2,0,3
55.50749969482422,2.5,2.8,12,2,3,2,2,1,0,3
43.88000011444092,3.125,3,13,2,3,2,3,1,0,3
68.02250003814697,3.75,4,11,1,3,1,4,1,2,3
52.8075008392334,2.875,2,10,0,3,2,2,2,0,2
57.4950008392334,4,4,12,1,3,1,3,1,0,3
61.65999984741211,3.75,4,9,1,3,1,2,2,0,3
61.197500228881836,3.75,3.8,10,1,3,1,3,2,0,3
42.53750038146973,1.75,2.3,9,1,3,2,3,2,0,2
37.195000648498535,2.625,2.5,7,0,3,2,2,2,1,3
44.09000015258789,2.75,2.1,12,1,3,2,1,2,1,3
46.739999771118164,2.75,2.8,11,0,3,2,3,1,0,3
60.62750053405762,2.5,4,11,1,3,1,4,2,0,3
35.61999988555908,1.5,1.8,7,2,3,1,4,1,2,3
57.55749988555908,2.75,4,10,1,3,2,4,2,0,3
39.677499771118164,2.75,3.3,7,0,3,1,3,1,0,3
59.670000076293945,4,4,10,1,3,2,4,1,0,3
47.97749996185303,1.875,2.8,10,1,3,2,2,1,0,2
55.982500076293945,1.625,1.6,6,1,3,2,3,1,0,2
53.63000011444092,3.875,4,8,1,3,1,4,1,0,3
45.892499923706055,3.125,3.3,10,1,3,2,3,2,1,2
43.359999656677246,2.125,2,10,1,3,2,4,2,0,2
45.65999889373779,2.375,2,13,1,3,1,2,1,0,3
64.57000064849854,3.625,3.5,14,1,1,2,4,1,0,2
52.517499923706055,3.125,3.3,14,2,1,1,4,1,1,3
69.48750019073486,3.5,3.8,15,1,1,2,3,1,0,3
70.625,3.875,4,14,1,1,2,4,1,0,3
72.22999954223633,3.375,4,15,2,1,2,4,1,0,3
69.18000030517578,4,3.5,13,2,1,2,3,1,0,3
51.50250053405762,3.25,3,15,1,1,1,3,2,0,2
64.02750015258789,2.875,3.3,14,2,1,1,2,1,0,3
69.23499870300293,3.5,3.5,14,2,1,1,1,2,0,2
60.80999946594238,3.5,4,14,1,1,1,3,1,0,3
68.00750160217285,3.25,3.5,12,1,1,2,3,1,0,3
38.44500160217285,1.75,1.3,13,2,1,1,1,3,0,3
70.32499980926514,4,4,11,1,1,1,3,2,1,3
59.12249946594238,3.5,2.5,12,2,1,1,3,1,0,3
54.607500076293945,2.75,2.3,14,1,1,1,3,1,0,3
71.56750106811523,3.25,3,14,2,1,2,3,1,0,3
69.86249923706055,3.5,3.8,14,2,1,2,3,2,0,2
67.34749794006348,3,3.8,14,2,1,2,2,1,0,3
53.97499942779541,2.875,2.5,15,2,1,2,3,2,0,2
69.70249938964844,4,4,14,2,3,1,3,2,0,3
51.06500053405762,3.625,3.8,11,1,3,2,3,1,0,2
64.68999862670898,4,4,11,2,3,2,3,2,0,3
44.45249938964844,3.125,2.5,11,1,3,2,1,1,0,3
45.65749931335449,3.125,3,11,1,3,2,2,2,0,2
55.437500953674316,2.375,1.5,15,1,3,2,2,2,0,3
50.614999771118164,2.875,2.5,13,1,3,3,4,2,0,3
45.21749973297119,1.875,2.4,8,1,3,2,3,3,1,2
47.66749954223633,2.625,2.3,12,1,3,3,2,2,0,2
54.109999656677246,3.75,3,9,2,3,1,4,1,0,1
49.58500003814697,3.375,3.8,15,1,3,2,3,2,0,3
61.0625,3.375,4,13,1,3,2,4,1,0,2
72.56000137329102,3.75,4,13,1,3,2,4,2,0,3
58.894999504089355,2.625,3,14,1,3,1,3,1,0,3
53.14500045776367,3.5,4,14,2,3,2,4,2,0,3
52.71500015258789,3.625,4,10,1,3,1,4,1,0,2
50.832499504089355,1.75,2.8,15,2,3,2,2,2,1,3
59.72000026702881,4,3.8,13,2,3,1,4,1,0,2
58.04499912261963,3.625,3.5,14,2,3,2,3,1,0,3
72.69750022888184,3.875,4,4,2,1,2,3,1,0,2
48.89250087738037,2.75,3,13,1,1,1,4,1,0,3
53.84250068664551,3.5,3.5,15,2,1,1,3,2,0,3
46.73500061035156,3,2.8,10,1,4,2,2,2,0,3
44.0649995803833,2.25,1.8,10,0,4,2,3,2,2,2
54.05500030517578,2.125,3.5,11,0,4,2,4,2,0,2
49.52499961853027,3,2.5,12,1,4,2,3,2,0,3
62.2475004196167,2.5,2.5,13,2,4,3,3,3,2,3
73.20000076293945,3.625,4,12,2,4,2,3,1,0,3
47.947500228881836,3,2.8,12,2,4,2,3,1,0,3
45.42500019073486,2.25,2.7,11,0,4,2,4,2,0,3
51.260000228881836,1.75,3,9,1,4,2,3,2,1,3
49.21750068664551,1.375,2.3,11,1,4,1,4,1,0,2
60.8125,3.875,3.8,12,1,4,1,2,1,0,3
55.635000228881836,2.75,2.3,7,1,4,2,2,2,0,1
62.890000343322754,3.625,4,11,1,4,1,4,1,0,3
55.24499988555908,2.875,3.8,9,1,4,1,3,2,0,1
52.58250045776367,3.25,3.5,11,0,4,1,3,2,0,2
45.910000801086426,3,2.5,10,1,4,1,1,2,1,3
39.80999946594238,2.125,2.3,6,1,4,3,1,2,1,3
64.15250015258789,3.625,2.8,7,1,4,1,3,1,0,2
53.66749954223633,3.625,3.8,8,0,4,2,2,1,0,2
46.34999942779541,2.25,3.3,11,1,4,2,3,1,0,2
44.88000011444092,3,2.5,10,0,4,1,3,2,1,1
63.635000228881836,1.75,2.8,10,1,4,3,2,2,2,2
53.76499938964844,3,2.8,9,0,4,2,3,3,0,3
41.07250118255615,2,2.3,9,0,4,2,1,2,0,1
61.53999996185303,3,3,9,0,4,1,2,2,2,2
70.72750091552734,4,4,11,1,4,2,3,2,0,3
58.29499912261963,3.125,3.5,6,1,4,2,3,1,1,3
54.847500801086426,3.5,3.5,12,1,4,1,4,1,0,3
62.61249923706055,4,4,12,2,4,1,3,2,1,3
42.79999923706055,2.75,3.3,11,1,4,1,4,2,0,3
43.1875,1.75,2.3,11,1,4,2,2,2,0,2
58.38249969482422,2.75,3,9,1,4,2,2,1,0,1
51.50749969482422,2.375,2.6,8,1,4,2,3,1,1,3
49.49250030517578,2.25,2.3,8,0,4,2,3,2,0,2
56.53499984741211,2.25,2.8,14,1,4,2,2,2,2,2
58.83250045776367,3.25,4,11,0,4,2,3,2,1,2
62.542500495910645,4,4,13,2,4,2,3,1,0,3
60.06750011444092,3.75,3.3,14,2,4,2,3,2,0,3
58.329999923706055,3.625,4,10,0,4,2,3,1,0,2
48.125,3.25,3.5,3,1,4,2,2,2,0,1
42.142499923706055,3.125,3,2,0,4,1,3,1,0,1
54.28999996185303,3.25,4,10,1,4,2,2,2,0,3
35.617499351501465,1,2.5,5,0,4,2,4,1,0,3
46.80000019073486,1.75,2.8,11,1,4,2,3,1,0,2
36.53250026702881,2,2,7,1,4,2,1,2,0,2
42.63000011444092,3.375,3.5,10,1,4,2,1,1,0,3
62.37750053405762,4,4,12,2,4,2,4,2,0,3
55.505001068115234,2.25,2.3,7,1,4,2,3,2,1,1
57.702500343322754,3.25,3.8,11,1,4,1,1,1,0,1
38.02499961853027,2.875,2,10,1,4,2,1,1,1,3
59.38250160217285,2.75,3.3,8,1,4,2,3,2,0,3
44.97749996185303,2.625,2.3,13,1,4,2,1,2,0,2
38.09000015258789,2.375,2.5,10,0,4,1,1,1,2,3
54.6225004196167,3.125,3.5,13,1,4,2,3,2,0,2
49.7475004196167,2.75,4,11,1,4,2,3,1,0,2
60.295000076293945,4,4,14,2,4,1,3,1,1,3
47.467498779296875,2.375,1.1,13,1,4,2,3,2,0,2
44.097500801086426,2.875,3.5,6,0,4,2,2,2,0,2
42.89250087738037,3.125,3.5,6,1,4,1,1,1,1,3
42.65250015258789,2.375,2.8,7,0,4,2,2,1,1,2
50.80000019073486,3.375,3.8,9,1,4,1,2,2,0,3
50.02750015258789,2.5,3.5,9,1,4,2,2,2,0,3
64.15999984741211,4,4,12,1,4,3,3,2,1,2
61.02500057220459,3.75,4,10,1,4,1,2,1,0,2
62.13499927520752,3.625,3.3,13,1,4,2,3,2,0,2
55.61500072479248,2.625,2.5,12,2,4,2,3,1,0,3
43.035000801086426,1.625,1.5,10,1,4,2,4,2,2,3
37.34999942779541,2.125,2.5,13,0,4,1,3,1,2,3
42.74499988555908,2.75,3,7,1,4,1,2,1,0,3
45.260000228881836,2,2.5,2,0,4,2,4,2,0,3
39.50250053405762,3.625,3,11,0,4,1,3,2,0,3
46.40250015258789,2.375,3.3,12,2,4,3,4,1,1,3
61.86999988555908,2.5,2.5,13,2,4,2,2,2,1,2
49.06750011444092,2.875,3,10,1,4,1,3,2,1,2
51.02499961853027,2.375,3.5,7,0,4,1,1,2,0,3
40.897499084472656,2.25,3.5,8,0,4,1,2,1,0,3
45.80500030517578,2,3,9,0,4,1,1,2,1,3
42.37249946594238,3.25,2.5,10,1,4,2,2,2,0,3
49.31999969482422,3.25,3.8,12,1,4,1,3,3,0,2
51.36500072479248,2.125,3,10,1,4,2,2,2,0,2
53.53249931335449,2.5,3.5,12,1,4,2,4,1,0,2
50.36999988555908,2.625,2.5,6,1,4,2,3,2,0,2
52.98750019073486,2.5,2.3,8,1,4,2,2,2,0,3
63.5,3,3.8,12,1,4,1,1,1,0,3
56.734999656677246,2.625,3.5,10,1,4,2,3,2,1,3
42.28000068664551,2.125,2,11,1,4,1,2,2,1,3
52.86999988555908,1,2.5,11,1,4,2,3,2,1,2
68.18000030517578,3.625,4,15,0,4,3,2,2,0,2
43.21250057220459,2.125,2.8,9,1,4,2,3,2,0,2
52.53750133514404,3.25,4,9,1,4,1,4,2,0,3
61.417500495910645,2.25,3.8,9,1,4,2,2,2,0,3
59.08250045776367,3.875,3.5,15,2,4,1,3,1,0,3
35.50749969482422,1.625,1.8,8,0,4,2,2,1,1,3
52.92500114440918,3.125,2.7,11,1,4,3,2,2,0,3
40.077500343322754,3.5,2.5,9,0,4,1,1,2,0,3
38.03749942779541,2.75,2,10,0,4,2,2,3,0,2
45.02750015258789,2.625,2.8,5,1,4,2,1,3,0,1
39.77750015258789,3.625,3,6,1,4,1,2,2,0,3
60.177499771118164,3.375,3.8,9,1,4,2,4,2,0,2
57.040000915527344,3.75,4,12,2,4,1,3,1,0,3
57.28499984741211,3.625,3.5,13,1,4,2,3,2,1,2
58.02750015258789,2.75,2.5,12,2,4,2,2,2,2,1
46.660000801086426,1.875,2.1,12,1,4,3,2,3,0,3
44.29749870300293,2.625,3.3,7,0,4,1,1,1,1,3
53.19750118255615,3.125,3.3,10,1,4,1,3,2,0,2
48.34249973297119,3.625,3.3,9,1,4,2,3,1,0,2
59.937500953674316,3.75,4,11,1,4,1,4,2,0,3
44.265000343322754,1.5,2.5,7,0,4,3,3,3,0,2
37.50999927520752,2.125,3.5,8,0,4,2,3,2,0,2
37.58750009536743,3.5,2.8,11,0,4,1,1,1,0,2
57.13000011444092,3.5,3.8,13,1,4,1,2,1,0,3
53.96250057220459,3.625,3.8,8,0,4,1,4,1,0,1
39.322500705718994,2.5,3,2,0,4,1,2,2,0,1
42.08500003814697,2.25,2.8,10,1,4,3,1,2,1,3
37.989999771118164,3.375,3.3,2,0,4,1,1,1,0,3
51.85499954223633,2.375,2.5,12,1,4,1,3,2,1,3
48.957499504089355,2.625,3,10,1,4,2,4,2,0,3
57.5600004196167,3.625,3.5,12,1,4,2,4,2,0,3
53.15250015258789,3.625,3.3,9,0,4,2,4,2,0,3
58.80250072479248,3.75,3,11,1,4,2,3,2,0,2
59.132500648498535,3.875,4,10,0,4,1,3,1,0,3
56.1899995803833,2.75,3.5,11,1,4,2,2,1,0,3
62.27750015258789,3.375,3.3,11,0,4,2,4,1,1,3
47.447500228881836,3.5,3.5,13,1,4,2,2,2,0,1
57.545000076293945,2.375,2.5,6,1,4,2,3,1,0,3
53.02500057220459,1.75,1.8,12,1,4,2,3,2,0,2
62.707499504089355,4,4,14,2,4,1,4,1,0,3
47.49749946594238,3.375,3.8,9,0,4,1,2,2,0,3
68.90499973297119,2.5,3.8,11,1,4,2,2,1,0,3
47.609999656677246,3.125,3,11,1,4,1,4,2,0,2
58.02999973297119,2.125,2,5,1,4,1,3,2,1,3
62.807498931884766,3.5,3.3,9,1,4,2,2,2,1,3
70.21499919891357,3.25,3.5,11,1,4,1,4,1,1,2
55.535000801086426,2.875,2.3,12,1,4,1,3,1,0,2
39.36999988555908,2.5,2,8,0,4,1,3,1,2,3
40.230000495910645,2.75,1.8,12,2,4,2,2,2,0,3
66.97499942779541,3.875,3.5,12,1,4,2,3,2,0,3
51.46750068664551,4,3,11,1,4,2,4,1,0,3
50.6850004196167,3.125,3.3,11,1,4,2,3,2,0,3
44.53749942779541,2.875,2.5,11,1,4,3,2,1,0,2
53.9975004196167,3.375,3.5,12,1,4,2,4,2,0,3
49.70000076293945,2.625,1.5,11,1,4,2,3,3,1,3
66.88000011444092,3.875,4,11,1,4,2,4,1,0,3
54.327500343322754,2.625,3,10,1,4,1,4,1,0,3
53.602500915527344,2.625,2,11,1,4,1,2,1,1,3
43.89999961853027,3.5,4,13,2,4,1,1,1,0,3
46.0024995803833,3.75,3.3,15,1,4,2,2,1,0,1
45.07499885559082,3.75,3.3,12,1,4,2,2,1,0,2
54.72999954223633,3,2.3,12,1,4,2,4,2,1,3
49.632500648498535,2.75,3,11,2,4,2,3,1,0,2
61.91749858856201,3.375,3.5,13,2,4,2,3,1,0,3
53.71500015258789,3.625,3,12,1,2,1,2,2,1,3
64.40249824523926,3.75,4,10,1,2,2,3,2,0,3
46.0625,3.375,3.5,9,1,2,2,2,2,0,2
46.02999973297119,1.875,2,8,1,2,2,3,1,0,2
51.417500495910645,2.5,2.5,10,1,2,2,3,2,1,3
59.197500228881836,4,3.8,11,1,2,1,2,1,0,3
41.48749923706055,2,2,10,0,2,2,3,1,0,3
68.16249942779541,3.375,4,11,1,1,1,3,2,0,3
64.24250030517578,4,3.8,14,2,2,2,4,1,0,2
64.11999988555908,2.875,3.3,11,1,2,1,3,1,1,3
52.53749942779541,3.125,3.5,11,0,2,2,3,1,0,3
45.88750076293945,3.5,3.3,10,1,2,1,3,2,1,2
49.25999927520752,3,3.3,14,1,2,1,2,2,0,3
59.010000228881836,3.75,3.5,15,2,2,2,2,2,0,2
67.70999908447266,4,4,14,1,2,2,3,2,0,3
54.417500495910645,2.25,4,11,1,2,3,2,1,1,2
50.64999961853027,3.25,2.8,9,1,2,2,2,2,0,2
43.847500801086426,3.125,2.3,8,0,1,2,3,2,0,3
55.429999351501465,4,4,10,1,1,2,2,1,0,3
56.78999996185303,3.5,2.8,11,1,2,1,3,2,1,3
60.99000072479248,3.25,3.8,7,1,2,1,2,1,1,1
48.209999084472656,3,2.8,10,0,2,2,1,1,1,3
63.04249954223633,3.5,3.5,11,0,2,1,4,1,0,3
68.16250038146973,3.125,3.3,10,2,2,2,4,2,0,3
60.2524995803833,3.75,3.8,10,1,2,1,3,2,0,3
60.67750072479248,3.875,4,8,2,2,2,3,2,0,3
51.84500026702881,2.375,1.8,12,1,2,2,2,2,1,3
51.70000076293945,2.5,3.5,15,2,3,1,3,1,2,3
58.86999988555908,2.375,3,10,1,3,2,3,3,0,3
50.839999198913574,3.625,3.3,11,1,3,2,4,2,0,1
39.827499866485596,2,2.8,11,1,3,2,2,1,0,3
55.732500076293945,3.5,3,11,0,3,2,3,2,0,2
53.73249912261963,2.75,3.5,9,1,3,2,3,3,0,3
52.61999988555908,2.125,2.8,11,1,3,2,3,2,0,2
46.295000076293945,1.375,1.9,11,1,4,1,2,2,0,3
45.63749980926514,2.125,1.5,9,1,4,2,1,2,1,3
55.052499771118164,2.75,3,14,2,3,2,3,2,0,2
66.43749904632568,3,3.3,15,2,3,2,3,1,0,3
56.480000495910645,3.125,3.5,13,2,3,1,3,1,0,3
68.47250175476074,3.25,3.5,11,1,3,1,3,1,0,3
70.38999938964844,3.625,3.5,13,1,3,1,3,2,0,3
64.19000053405762,3.5,3.5,14,2,3,1,3,1,0,3
52.21500015258789,2.875,2.3,14,1,3,1,3,2,0,3
57.894999504089355,2.125,3,10,1,3,1,3,1,0,3
69.36749935150146,4,3.8,13,1,3,1,4,1,0,3
56.77250003814697,2.125,2.8,14,2,3,2,3,2,0,3
54.527499198913574,2.625,2.5,14,2,3,3,3,2,1,3
69.35250091552734,3.75,2.8,11,2,3,2,3,2,0,3
51.20750045776367,2,2.5,15,1,3,2,1,1,0,2
59.352500915527344,3.875,4,13,2,3,2,3,2,0,3
65.2775011062622,4,4,11,1,3,2,4,2,0,3
59.35249900817871,3.125,3.5,12,1,3,2,3,1,0,3
75.1924991607666,3.875,3.8,14,2,3,1,4,1,0,3
61.334999084472656,2.875,3,14,2,3,2,3,2,0,3
69.06999969482422,4,4,9,1,3,1,4,1,0,3
48.43000030517578,2.25,2.5,15,1,3,2,3,1,0,3
65.5099983215332,2.875,3,13,2,3,1,4,2,0,3
65.94000148773193,3.875,3.8,13,2,3,2,3,2,0,3
54.447500228881836,3,3,14,2,3,1,4,1,0,3
45.9350004196167,2.125,1.7,11,1,3,2,3,2,0,3
65.36749839782715,3.25,3.3,12,2,3,2,3,2,1,3
60.07250118255615,3.875,4,11,2,3,1,4,1,0,3
53.187499046325684,2.5,2.5,12,2,4,2,3,2,1,2
64.22749900817871,4,4,12,2,4,2,3,1,0,2
44.00250053405762,1.875,1.8,11,1,4,1,2,2,0,3
63.0625,3,2.8,12,1,4,1,2,2,0,3
56.94000053405762,3.5,3,9,1,4,1,3,1,0,3
59.77000045776367,3.375,3,12,1,4,2,2,2,0,2
58.374999046325684,3.5,2.8,11,0,4,1,3,1,0,3
59.222500801086426,3.375,3.8,14,2,4,2,3,1,0,3
68.41750049591064,3.875,4,11,1,4,1,3,1,0,2
60.2524995803833,3,3.3,15,2,2,2,4,1,0,3
57.77500057220459,2.625,2.8,8,1,2,2,4,2,0,2
66.86250019073486,3.75,4,15,2,2,1,3,2,0,3
57.76750087738037,2.75,2.3,11,2,2,1,3,2,0,3
54.54249954223633,3.5,3.5,12,2,1,1,2,1,0,3
67.47499942779541,3.5,3,9,2,1,2,3,2,0,3
62.552499771118164,2.875,3,13,2,2,1,4,2,0,3
55.96249961853027,2.125,3,7,2,2,2,2,2,0,3
54.68249988555908,2.375,2.3,14,1,2,2,2,1,0,2
61.43499946594238,2.5,2.5,14,2,2,2,2,2,0,3
60.15999984741211,3.125,2.8,14,2,2,2,2,2,0,3
60.94999885559082,2.125,2,14,1,2,2,2,2,0,3
65.8274974822998,3.5,3.5,14,2,2,2,3,2,0,2
42.1875,3.125,2,9,1,3,2,1,1,1,2
48.739999771118164,2.5,2.5,9,1,3,2,1,2,1,3
39.269999504089355,1.875,2.5,11,1,3,2,3,2,1,2
44.21000003814697,1.625,2.5,11,1,3,2,2,2,0,1
54.25250053405762,2.875,3.5,10,1,3,2,2,1,0,3
44.77750015258789,3.5,2.5,11,0,3,2,2,1,0,3
48,2.125,2.8,8,1,3,1,3,1,1,3
45.542500495910645,3.625,3.5,10,1,3,1,4,2,0,3
62.130001068115234,4,4,12,1,3,2,3,1,0,3
49.14500045776367,3.25,3,11,1,3,3,3,3,0,2
54.94250011444092,3.25,3,11,1,3,2,4,3,1,2
43.34249973297119,1.375,2,8,0,3,2,1,1,2,2
46.66499996185303,2,2.8,13,1,3,1,4,2,2,3
42.59000015258789,3,2.3,11,1,3,1,3,1,2,2
41.69749927520752,2.875,3.5,7,0,3,2,2,2,0,3
44.77250003814697,3.25,3.8,11,1,3,1,4,2,0,3
46.96000003814697,3.25,3.8,11,1,3,2,3,2,0,3
35.59249973297119,3.125,2.3,10,2,3,2,2,1,0,3
57.48250102996826,3,3.3,11,1,3,2,3,2,0,2
54.804999351501465,2.375,2.8,11,1,3,2,3,2,0,2
62.005001068115234,3.5,4,11,2,3,2,2,1,0,3
63.24499988555908,2.875,3.5,11,2,3,1,3,1,0,3
48.05000019073486,3.125,3,11,1,3,1,1,2,0,1
54.36499881744385,3.5,3.5,11,0,3,2,2,1,0,3
66.22249984741211,3,2.5,10,1,3,2,3,2,0,1
40.72749900817871,2.5,3,10,1,3,2,3,1,2,3
41.11250019073486,3.375,3.8,11,1,3,2,3,2,0,3
52.75500011444092,3.125,3,12,1,3,2,3,3,0,3
63.53000068664551,3.25,3.5,14,1,3,2,4,2,0,3
68.24749946594238,3.75,4,12,1,3,2,3,2,0,3
44.937499046325684,2,3,11,1,3,2,3,2,1,2
35.152499198913574,2.5,3.5,9,1,3,1,2,1,2,2
39.107500076293945,2,3.3,12,1,3,1,2,1,2,3
42.46750068664551,3,3,11,2,3,1,1,1,0,3
67.78750038146973,4,4,12,1,3,2,3,2,0,3
56.2475004196167,3.125,3.3,10,2,3,2,4,1,0,3
42.36750030517578,2.125,2.8,8,0,3,2,2,2,0,1
38.91749954223633,1.5,1.8,9,0,3,2,2,2,0,2
43.34000015258789,1.5,1.8,6,0,3,2,2,3,1,2
42.35499954223633,1,3,8,0,3,2,3,2,1,2
54.929999351501465,3.125,3,12,1,3,2,2,2,0,2
56.457499504089355,2.875,3,12,1,3,2,2,2,1,3
59.24749946594238,2.125,2,8,0,3,2,4,1,1,3
41.26249980926514,2.5,2.8,8,1,3,1,1,1,0,3
61.44250011444092,3.375,3.8,11,0,3,2,3,2,0,3
54.17499923706055,1.75,1.9,10,0,3,2,2,2,0,3
52.41250038146973,2.5,2.5,5,0,3,2,3,2,0,2
46.79249954223633,3.25,3.8,9,1,3,1,2,2,0,2
42.05500030517578,3.375,2,9,0,3,2,2,2,1,2
48.24250030517578,2.25,2,8,0,3,1,3,2,0,2
48.3774995803833,3.125,4,10,1,3,1,1,2,0,2
48.6225004196167,2.875,2.8,10,0,3,1,2,2,1,2
39.30749988555908,0.75,3,5,1,3,1,4,3,2,1
40.40499973297119,2.75,3.8,10,1,3,2,2,2,0,3
60.78999900817871,3.5,3.5,11,1,3,1,4,2,0,3
37.6225004196167,3.375,2.8,6,1,3,2,2,3,1,2
52.06750011444092,2.25,3,13,2,3,1,4,1,0,3
61.41749954223633,3.125,2.3,12,0,3,2,3,2,0,3
41.23250102996826,3.25,2,11,1,3,2,3,2,0,2
45.1850004196167,3.25,2.5,8,0,3,2,2,2,1,3
44.422499656677246,2.625,2.3,7,1,3,1,3,1,0,2
51.00999927520752,3.25,4,7,0,3,2,3,2,0,3
57.392499923706055,2.875,3.3,10,1,3,2,1,2,0,3
52.82499980926514,3.375,3,10,1,3,2,2,1,0,3
48.765000343322754,2.5,3,12,1,3,1,1,1,0,1
40.90250110626221,2.875,2.5,9,0,3,1,2,1,1,3
64.22500133514404,3.75,3.8,9,1,3,1,4,2,0,2
60.96500015258789,3.375,4,12,2,3,2,2,3,0,3
43.769999504089355,2.5,2.8,11,1,3,1,3,2,1,2
44.222500801086426,2.5,3,8,1,3,1,4,2,0,3
46.46500015258789,3,2.8,4,1,3,4,2,2,0,2
41.04999923706055,2.625,3.5,12,1,3,1,3,2,0,2
52.72749996185303,2.5,3.3,11,1,3,1,4,2,0,3
48.38750076293945,2.25,2.3,7,1,3,2,2,2,0,2
62.1225004196167,3.125,3.3,11,2,3,1,3,1,0,2
49.03999996185303,3.5,3.5,11,1,3,1,2,1,0,3
39.69749927520752,3,3.5,11,1,3,1,1,1,0,3
43.75500011444092,2,3,11,1,3,4,4,4,0,3
38.855000495910645,2.375,2.5,8,0,3,2,2,2,0,2
49.08500003814697,3,2.5,11,1,3,2,2,2,0,2
53.5600004196167,3.625,3.5,10,0,3,2,3,2,0,2
49.60750102996826,3.125,3.8,9,1,3,1,1,1,0,2
51.19499969482422,1.625,2,11,0,3,1,3,1,0,3
51.77999973297119,2.25,2.5,10,1,3,2,2,1,0,2
42.17750072479248,2.875,2.5,7,0,3,1,3,2,0,3
58.13750076293945,2.875,3.8,12,1,3,2,3,1,0,3
48.82249927520752,1,1.6,10,0,3,2,2,3,0,1
50.15999984741211,3.625,3.3,8,1,3,2,4,2,0,3
42.96500015258789,2,3,11,1,3,1,4,2,0,2
40.8050012588501,1.875,4,5,1,3,1,3,1,2,3
55.4399995803833,3.75,4,10,1,3,2,2,2,0,3
43.329999923706055,1.875,0.9,7,0,3,2,3,2,0,2
48.83500099182129,3.25,3.5,14,2,3,2,3,1,0,3
55.267499923706055,3.125,3.3,12,2,3,3,2,2,0,2
43.49250030517578,2,2.1,11,1,3,1,3,1,1,2
64.54750156402588,2.375,3.3,15,2,3,2,3,2,0,3
63.4424991607666,3.375,3.3,10,1,3,2,4,2,0,2
39.517499923706055,1.5,3,2,0,3,1,4,1,1,3
67.08500099182129,3.25,3.3,14,2,3,2,2,1,0,3
59.029998779296875,2.75,3.5,10,0,3,1,3,1,0,2
41.08500003814697,2.75,3,2,1,3,1,4,3,0,3
55.35000038146973,3,3,10,1,3,2,3,2,0,3
68.2475004196167,4,4,12,1,3,2,4,1,0,3
56.320000648498535,3.375,3.8,10,1,3,1,3,1,0,2
55.96749973297119,2.25,3.8,8,1,3,2,4,2,0,3
41.947500228881836,3,3,9,1,3,2,2,1,0,3
57.56999969482422,3.375,3,10,0,3,1,4,2,0,3
52.052499771118164,3.125,3,10,1,3,2,4,2,0,3
51.21749973297119,3.375,3.3,13,2,3,2,3,2,0,3
44.06999969482422,3.25,3,8,1,3,2,3,1,0,2
50.58250045776367,3,3.3,12,2,3,2,3,2,1,2
52.394999504089355,3.625,3.3,12,1,3,2,2,2,0,2
40.69000053405762,2.75,3,8,1,3,2,4,1,0,3
53.614999771118164,2.5,2.3,9,1,3,2,1,2,0,1
46.06750011444092,3,3.3,10,1,3,1,4,2,0,1
47.30749988555908,2.75,3.8,10,1,3,2,4,2,0,2
50.82249927520752,3.375,4,9,1,3,1,4,1,0,2
40.727500915527344,1.875,1.9,12,1,3,2,3,2,2,3
37.57499980926514,2.875,2.5,6,0,3,2,2,3,1,2
61.52999973297119,3.25,3,11,1,3,2,2,2,0,2
42.209999084472656,2.625,3,4,1,3,2,1,2,0,2
46.13750076293945,3.25,2.3,12,0,3,1,2,1,0,3
51.34000015258789,3.75,3.8,10,1,3,2,2,2,0,3
59.084999084472656,3.125,3.5,7,0,3,1,3,1,1,3
46.02250003814697,2.125,2.5,10,1,3,3,4,3,0,1
47.96250057220459,2.625,3.3,11,1,3,1,3,2,0,3
63.21249866485596,4,4,12,1,3,1,3,1,0,3
50.239999771118164,2.125,3.8,10,2,3,2,4,2,0,2
60.3100004196167,4,4,9,1,3,2,3,2,0,3
58.34499931335449,4,4,12,1,3,1,3,1,0,1
39.10499954223633,2.625,2.8,11,1,3,1,1,1,0,1
39.40500068664551,1.875,1.8,11,1,3,2,2,2,0,2
57.79999923706055,3.75,4,10,0,3,2,3,2,0,3
37.71500015258789,3.375,2.1,5,0,3,1,2,2,0,3
43.29249954223633,3.75,3.3,12,1,3,1,3,2,1,3
48.57499885559082,2.25,2.6,8,1,3,2,3,1,0,2
41.45750045776367,3.25,2.8,7,0,3,2,2,2,0,2
37.25749969482422,1.5,2.3,10,1,3,1,2,4,0,3
46.34999942779541,1.75,3,11,1,3,1,3,2,0,3
65.39000129699707,3.875,3.8,11,0,1,2,4,2,0,3
55.51750087738037,3.125,2.5,11,1,1,1,1,1,0,3
61.817501068115234,3.625,3,11,1,1,2,3,2,0,3
62.09749984741211,3.875,3.3,12,1,4,2,4,1,0,3
54.92250061035156,4,4,9,1,4,1,3,1,0,3
43.5024995803833,3.375,3,7,0,4,3,3,2,0,3
54.45750045776367,3.25,3.5,14,2,4,2,3,2,1,3
65.32999992370605,3.875,3.3,15,2,4,2,4,2,1,3
60.53749942779541,3.625,4,15,1,4,1,4,1,0,3
58.105000495910645,3.25,2,11,1,1,2,2,1,0,3
58.202500343322754,3.5,3.3,11,2,1,2,3,1,0,3
56.91250038146973,3.5,3,9,2,1,2,4,1,0,2
53.80749988555908,3.5,3.3,13,1,1,2,4,2,0,3
68.17249870300293,3.5,3.3,12,2,1,2,3,2,0,3
45.045000076293945,2,2.8,10,1,1,2,3,2,0,1
60.052499771118164,2.875,2.8,8,0,1,3,3,1,0,2
52.34250068664551,3.5,3.3,11,1,1,2,3,1,0,2
56.94749927520752,2.75,2.8,11,1,1,2,2,1,0,3
49.46500015258789,3.125,3,9,0,1,1,1,1,0,3
48.052499771118164,3.5,3.3,12,1,1,3,3,3,0,3
56.142499923706055,2.75,3.3,10,1,1,1,3,1,1,3
52.36999988555908,2.75,3,11,1,1,3,2,1,1,2
43.55249881744385,3.125,2,10,1,1,2,2,1,0,3
46.75,2.125,4,10,0,1,1,2,1,0,3
43.63499927520752,2.375,3,8,1,1,2,4,2,0,2
63.88750171661377,3.375,3,10,2,1,2,3,2,0,3
62.10499858856201,2.875,3.8,10,2,1,1,3,1,0,3
59.86249923706055,3.125,3.3,12,1,1,1,4,1,0,3
41.742499351501465,2.375,2.8,12,1,1,1,2,2,1,3
40.6899995803833,3.25,3.5,6,0,1,1,1,1,0,2
53.22749900817871,3.5,3.5,8,0,1,2,3,2,1,3
57.127501487731934,3.375,3.5,12,2,1,1,3,1,0,3
48.36249923706055,3,2.8,9,0,1,1,3,1,0,3
52.214999198913574,3,3.3,11,1,1,2,3,1,0,3
60.1850004196167,3.25,2.5,11,1,1,2,3,1,0,1
61.91250038146973,3.125,3.5,11,2,1,2,4,2,0,2
56.78749942779541,3.125,2.8,9,1,1,2,3,2,0,3
57.327500343322754,3.875,4,13,2,1,1,4,1,0,3
60.25500011444092,3.25,3.5,9,1,1,1,4,1,1,3
50.672499656677246,3.375,3.5,10,1,1,1,4,1,0,2
53.36499881744385,3.125,3.5,11,1,1,2,2,2,0,3
64.55749988555908,3.375,3.3,9,0,1,2,2,1,0,3
64.24499988555908,3.375,3.3,7,1,1,3,3,2,0,3
44.55000019073486,2.875,2.8,7,0,1,2,3,2,0,3
41.11250019073486,2.625,2.1,5,0,1,2,2,1,1,1
36.089999198913574,1.625,2.3,5,0,1,2,2,2,2,1
62.34250068664551,3.125,3.5,10,0,1,1,4,2,0,2
42.32499980926514,2.5,2,10,1,1,2,2,2,0,2
58.77499961853027,3.125,3,9,1,1,2,4,2,0,3
42.992499351501465,2.5,3,11,0,1,2,3,2,0,1
53.94999980926514,2.625,3.3,9,0,1,1,2,1,1,3
72.6825008392334,4,4,12,1,1,4,2,3,0,3
49.34499931335449,2.75,3.3,13,1,1,2,2,2,1,2
66.14749908447266,3.5,4,9,1,1,2,3,2,0,3
51.882500648498535,1.375,1.3,11,1,1,2,3,2,1,2
54.99749946594238,2.5,2.3,11,1,1,2,3,2,0,2
37.8725004196167,2.25,2,12,1,1,2,4,2,0,3
49.8700008392334,3,3,12,1,1,2,4,2,0,3
58.43499946594238,2.75,3.3,12,1,1,2,3,1,0,2
66.68250179290771,4,4,11,1,1,1,4,1,0,3
53.61000061035156,4,4,10,1,1,2,4,2,1,3
36.83500003814697,2,2.5,11,1,1,1,1,1,2,1
63.79500102996826,3,3.5,11,1,1,2,3,2,0,2
68.40750026702881,4,3.8,13,2,1,1,3,1,0,3
62.45749855041504,3.125,3.5,11,1,1,2,2,2,0,3
49.90499973297119,1.25,2.8,14,1,1,2,2,2,2,2
53.86250019073486,1.25,2.5,11,1,1,1,4,1,1,2
67.6525011062622,3.75,4,11,2,1,2,3,2,0,3
42.88749980926514,2.875,2.8,7,1,1,1,3,2,1,1
49.34500026702881,3.375,2,8,1,1,2,3,1,0,1
48.739999771118164,2.75,2.5,5,1,1,2,3,1,2,3
53.202500343322754,3.25,3.3,13,1,1,2,4,1,0,3
56.97500038146973,2.875,2.8,15,0,1,2,3,2,1,3
52.67500019073486,3.125,3,6,1,1,2,4,2,2,3
50.12249946594238,1.5,3,3,1,1,2,4,1,0,3
56.56750011444092,3,2.5,10,0,1,2,2,2,0,3
45.66749954223633,1.75,1.8,6,0,1,2,1,1,1,2
42.83749961853027,2,3.3,12,1,1,3,3,2,1,3
39.157501220703125,2.875,2.3,7,1,1,1,3,1,2,3
44.66250038146973,2.5,2.5,10,1,1,3,2,2,1,3
44.124999046325684,2.5,2.3,14,1,1,1,1,1,0,1
46.00749969482422,1.75,3,12,1,1,2,2,2,0,2
44.109999656677246,3,3.3,12,2,1,1,4,2,0,3
65.22250080108643,2.625,2.8,11,1,1,2,3,2,0,2
65.69250106811523,4,4,12,1,1,1,3,1,1,2
63.597500801086426,3.625,4,13,1,1,3,4,1,0,3
57.297499656677246,3,3.5,13,1,1,2,3,2,0,2
61.6924991607666,3.625,4,11,2,1,2,2,2,0,2
45.98749923706055,2.75,3.8,7,0,1,2,3,2,0,1
43.76250076293945,2.75,3,4,0,1,1,1,3,0,2
42.84000015258789,3.125,2.5,11,1,1,1,2,2,1,3
43.672499656677246,2.5,3.3,8,0,1,1,4,1,0,3
60.8050012588501,2.875,3.8,12,1,1,2,3,2,0,2
61.50250053405762,4,3.5,11,0,1,2,2,2,0,2
57.322500228881836,3.25,3,11,1,1,1,4,1,0,3
46.47499942779541,2.625,3,12,1,1,1,3,2,0,3
42.1850004196167,3.5,2.5,7,0,1,1,2,2,1,3
54.459999084472656,3.375,3.5,12,1,1,3,2,2,0,3
48.45499897003174,3.25,2.8,8,0,1,2,3,2,0,1
38.46750068664551,2.75,3,11,0,1,2,2,2,0,3
58.24250030517578,3.5,2.5,7,1,1,1,3,1,0,3
48.204999923706055,2.625,3,9,0,1,2,4,2,1,1
50.017499923706055,2.875,3.8,7,1,1,2,3,2,0,3
38.97999954223633,2,1,4,1,1,2,3,2,0,1
48.58500003814697,2,2.8,5,0,1,2,3,2,0,3
51.75,3.25,3.5,8,1,1,1,3,1,0,3
60.269999504089355,4,4,9,2,1,3,3,2,0,3
47.67250061035156,1.625,2.5,12,1,1,2,3,1,0,3
53.6200008392334,2.875,2.8,13,1,1,1,2,3,1,3
50.9375,3.125,2.5,6,0,1,2,3,2,0,3
37.15499973297119,1.25,1.3,10,1,1,1,3,1,2,1
66.41250038146973,2.5,3,10,0,1,2,4,1,0,2
41.385000228881836,2.375,2.5,11,0,1,3,3,3,1,2
65.22749996185303,3.625,3.8,12,2,1,2,4,1,0,3
45.89750003814697,2.875,3,10,0,1,2,3,2,0,2
56.097500801086426,3.375,3.5,10,1,1,2,3,4,0,2
50.927499771118164,1.875,3,7,1,1,1,3,2,0,2
53.05999946594238,3.5,3.5,14,1,1,1,3,2,0,2
49.05749988555908,2.75,2.5,12,2,1,2,2,1,0,3
57.67750072479248,1.75,3,7,1,1,2,1,1,0,2
47.74749946594238,3.625,3.8,10,0,1,1,2,1,0,2
45.52750015258789,2.625,3.3,11,1,1,2,2,1,0,3
56.99749946594238,2.375,2.3,11,1,1,2,4,1,1,2
65.15750026702881,4,4,14,2,1,2,2,2,0,3
50.02500057220459,2.125,2.5,11,1,1,1,3,1,0,2
51.41499996185303,3.25,3.3,12,1,1,1,4,1,1,3
45.6274995803833,2.5,2.3,13,1,1,1,2,2,2,1
60.21000099182129,2.625,2.8,12,2,1,2,2,2,1,2
63.190001487731934,3.375,3.5,13,2,1,2,2,2,0,3
54.29750061035156,2,2.3,10,1,1,2,4,1,1,3
49.47749996185303,2.625,2.8,10,1,1,2,4,2,0,3
59.44000053405762,3.625,3.8,11,2,1,2,1,1,0,3
43.80999946594238,2.25,2.5,12,1,1,2,3,2,0,2
43.89750099182129,2,2.5,6,0,1,2,4,2,0,2
60.03750133514404,3.875,3.8,12,2,1,2,4,2,0,3
48.672499656677246,3.125,3,7,1,1,2,3,3,0,2
69.15499877929688,3.75,4,13,2,1,2,3,1,0,3
63.827500343322754,3.75,3,12,1,1,2,3,2,0,3
41.1899995803833,2.875,2.5,11,1,1,1,2,1,2,2
52.85499954223633,3.25,3,7,0,1,2,3,2,0,2
62.30000019073486,3.25,2.8,10,1,1,1,4,1,0,2
56.820000648498535,3.625,2.5,10,0,1,2,2,2,0,1
64.875,3.5,3.8,10,1,1,1,3,1,0,3
50.072500228881836,0.5,2.3,10,0,1,2,3,1,1,1
37.53750038146973,3.375,2.4,10,1,1,1,1,1,2,2
51.422499656677246,3.75,3.8,5,0,1,2,4,2,0,2
47.51250076293945,3.5,3.8,7,1,1,2,4,1,0,2
45.74250030517578,2.875,2.5,7,0,1,2,3,2,1,3
59.53750038146973,3.5,3.3,12,2,1,3,1,2,0,3
54.982500076293945,3.375,3.5,13,1,1,2,3,1,0,3
69.98499870300293,3.625,4,12,1,1,2,2,2,0,2
73.9900016784668,3.75,4,12,1,1,1,4,1,0,1
52.964999198913574,3.125,3.5,10,1,1,2,4,2,0,3
57.22000026702881,2,3.3,11,1,1,2,2,2,1,3
53.84499931335449,2.75,2.3,10,1,1,3,2,2,0,2
49.99250030517578,2.25,3.3,7,1,1,2,3,2,0,2
41.41499996185303,2.75,2.5,12,0,1,2,4,1,0,3
62.24499988555908,3.625,3.3,12,1,1,2,3,2,0,3
44.2549991607666,2.5,1.8,10,1,1,2,2,2,2,2
65.5275011062622,3.625,3.8,9,1,1,2,3,1,0,2
47.98750019073486,3.5,3.8,11,1,1,1,2,1,0,3
54.47999954223633,2.5,1.8,10,2,1,1,2,1,1,3
55.50749969482422,1.75,2.5,11,1,1,1,2,2,2,2
52.75500011444092,2.625,2.5,12,1,1,2,3,2,0,3
53.91749954223633,2.375,2.8,6,1,1,2,2,2,0,2
63.07499980926514,3.625,3.8,12,1,1,2,3,2,0,3
50.920000076293945,2.5,2.5,6,0,1,2,1,2,1,1
58.56999969482422,2.625,2.5,9,0,1,2,2,2,0,2
52.28999996185303,3.375,3,11,1,1,2,3,2,0,2
58.84000110626221,3.125,2.8,13,2,1,3,2,2,1,3
48.51499938964844,2.25,2.4,12,1,1,2,4,2,1,2
64.22000026702881,3.25,3.5,13,2,1,2,3,2,0,2
56.21500015258789,2.875,2.8,12,0,1,2,2,2,0,3
71.67749977111816,4,4,11,1,1,1,4,1,0,3
64.33499908447266,3.375,4,11,1,1,2,4,1,0,2
40.1825008392334,3.25,3.3,7,0,1,2,3,1,0,3
68.31750202178955,3.5,3.8,12,1,1,2,3,1,0,3
40.984999656677246,3.25,2.4,12,1,1,1,1,1,0,3
52.72000026702881,3.375,4,12,1,1,2,3,1,1,2
57.59249973297119,2.875,3,9,1,1,2,4,1,0,3
51.0600004196167,3.75,3.5,10,0,1,2,3,2,0,2
40.92750072479248,2.125,1.5,5,0,1,2,1,2,1,3
39.6850004196167,3.125,2,10,0,1,2,2,2,0,2
64.24249935150146,3.625,3.5,13,2,1,2,2,2,1,1
61.48749923706055,3.5,3.5,9,1,1,2,3,2,0,2
58.579999923706055,3.375,2.8,10,0,1,2,3,2,0,2
60.30749988555908,3.25,3.5,12,2,1,1,3,1,1,3
43.242499351501465,1.875,2,12,1,1,1,3,1,2,2
51.16499996185303,3.125,4,10,2,1,2,3,2,0,2
53.27750015258789,3.25,2.3,7,0,1,2,3,2,0,3
57.510000228881836,2.75,3,11,1,1,2,3,2,0,3
56.982500076293945,2.75,3,12,1,1,2,3,2,1,3
70.95500183105469,4,4,12,2,1,2,3,2,0,3
48.88999938964844,3.375,2.5,10,0,1,3,2,3,1,2
45.652499198913574,2.5,2.3,10,1,1,2,3,2,0,3
68.79749965667725,1.875,2.8,11,1,1,2,2,3,2,1
53.69000053405762,2.625,1.6,11,1,1,3,3,2,0,3
37.322500228881836,1.625,3.3,7,0,1,3,2,2,0,3
55.195000648498535,2.625,2.8,9,2,1,1,2,2,0,2
45.40999889373779,2,3.3,10,1,4,2,3,2,0,3
46.96249961853027,1.75,2.5,10,1,4,1,3,1,0,3
52.927499771118164,3.25,3.5,11,1,4,1,4,2,0,2
38.22499942779541,3.25,3.8,10,1,4,1,4,2,0,2
42.80749988555908,2,3,10,1,4,3,3,3,0,2
50.33749961853027,2.25,2.5,9,1,4,1,3,2,0,3
58.85249900817871,3.625,4,12,1,4,2,3,2,0,2
48.21750068664551,3,3.3,9,1,4,1,3,1,0,3
54.63000011444092,4,4,11,1,4,1,4,1,1,3
53.14750003814697,4,3.5,11,1,4,2,3,1,0,1
55.83500003814697,3,3.8,8,0,4,1,3,1,0,2
36.527499198913574,2.5,3,3,1,4,2,2,2,1,2
65.26999950408936,4,4,10,2,4,2,4,1,0,3
46.28499984741211,2.5,1.8,7,0,4,2,3,2,1,2
51.614999771118164,3,2.6,8,0,4,2,3,2,0,3
42.3149995803833,3.125,3.3,11,1,4,1,3,2,1,2
62.53500175476074,3.75,3.8,11,2,4,2,3,3,0,3
43.59749984741211,1.5,2.3,9,1,4,1,2,1,0,1
52.082499504089355,3.5,4,5,1,4,2,4,2,0,1
58.22249984741211,3.625,3.8,9,1,4,2,3,2,0,3
53.57500076293945,3.375,3.3,11,1,4,2,3,2,1,3
56.885000228881836,3.5,3.8,13,1,4,1,4,2,0,2
48.082499504089355,2.125,3.5,10,1,4,2,3,3,0,1
43.73750019073486,3.25,3,8,0,4,2,3,2,0,2
50.59250068664551,1.375,3.8,5,1,4,1,4,1,2,3
51.079999923706055,3.375,3.5,10,1,4,2,3,3,0,2
60.570000648498535,3,3.3,10,1,4,2,4,2,0,3
67.69500064849854,3.75,3.3,14,2,4,3,3,2,0,2
62.855000495910645,3.5,2.3,10,0,4,2,3,1,1,2
57.96000003814697,2.75,3,12,1,4,1,3,1,0,2
38.46000003814697,2.5,3.5,10,1,4,1,4,1,1,3
59.94750118255615,3,3.5,12,2,4,1,4,1,0,3
52.519999504089355,3.5,3.8,9,0,4,1,3,2,0,3
49.019999504089355,2,1.5,8,1,4,2,3,2,1,3
58.832499504089355,3.5,3,12,1,4,2,3,2,0,2
45.802499771118164,3.5,3,5,0,4,2,3,1,0,3
47.579999923706055,3.5,3.5,10,1,4,1,4,1,0,3
47.397499084472656,3.25,3.3,6,1,4,1,2,1,0,3
47.20750045776367,2.25,2.3,6,1,4,2,3,2,0,2
47.875,2.25,3,11,2,4,1,4,1,0,3
52.47749996185303,2.25,2.8,8,1,4,2,4,2,0,2
50.25999927520752,1.875,2.8,7,1,4,1,2,1,0,3
38.117499351501465,2.375,2.5,10,0,4,2,1,2,0,3
44.644999504089355,1.75,2.3,11,0,4,1,2,1,0,3
48.61000061035156,3,2.8,10,1,4,2,3,1,2,3
44.11500072479248,2,2.1,9,1,4,2,3,2,0,3
44.12750053405762,1.375,3.3,10,1,4,1,3,2,1,3
64.6125020980835,3.125,3.3,11,2,4,2,3,1,1,3
52.33750057220459,1.625,3.5,11,1,4,1,4,1,0,3
41.452500343322754,1.5,3.3,8,0,4,1,1,1,1,3
55.08250045776367,2.75,3.3,11,1,4,2,3,2,0,3
55.15749931335449,3,2.8,11,1,4,2,2,2,0,2
37.489999771118164,2.25,3,9,0,4,1,4,1,1,2
42.552499771118164,3,2.3,11,1,4,1,3,2,0,3
68.89249992370605,3.375,3.5,12,2,4,2,3,1,1,2
71.13500022888184,3.375,3.5,14,2,4,2,3,2,0,3
66.29250049591064,2.625,2.8,10,1,4,2,2,2,2,1
52.795000076293945,3,3.3,7,0,4,2,3,2,0,3
47.1850004196167,3,2.8,11,1,4,2,1,3,0,1
59.397499084472656,2.875,2.5,11,1,4,2,3,2,1,3
39.13249969482422,3.25,3.5,10,2,4,1,3,4,0,1
56.46250057220459,3.625,3.5,10,1,4,1,3,1,0,3
60.632500648498535,3.375,4,8,1,4,2,3,1,0,2
37.5,1.625,1.6,8,0,4,1,2,3,0,2
70.97750091552734,3.75,3.8,10,0,4,1,2,2,1,3
46.11250019073486,3.25,2.8,10,1,4,2,2,2,0,3
42.77250099182129,1.5,1.3,8,0,4,2,1,2,2,1
58.59500026702881,3.375,3.8,11,1,4,1,3,2,0,3
65.36500072479248,3.75,4,12,1,4,2,3,1,0,3
37.44250011444092,1.5,1.5,9,0,2,2,2,2,0,2
65.50000095367432,3.875,4,8,1,2,1,2,1,0,2
67.96749973297119,3.625,4,15,2,2,2,3,2,0,3
56.48500061035156,3.5,4,14,1,2,2,4,1,0,3
52.01249980926514,2.75,3.3,14,2,2,1,4,1,0,3
59.52999973297119,2.75,2.3,13,2,2,1,3,1,1,3
62.22249889373779,4,4,11,1,2,2,3,2,0,3
66.16000175476074,4,4,13,1,2,1,4,1,0,3
54.327500343322754,3.25,3.5,10,0,2,2,2,1,0,2
43.727500915527344,2.5,2.8,11,0,2,2,1,2,0,3
69.70750045776367,3.5,2.8,11,1,2,3,3,1,0,3
44.59500026702881,2.375,3,9,0,2,2,2,1,0,3
51.92250061035156,3.75,3.3,10,1,2,1,3,1,0,3
39.62249946594238,2.5,2.5,11,1,2,2,2,3,1,3
55.20750045776367,3,3,11,0,2,2,3,2,1,3
66.6299991607666,3.625,4,12,1,2,2,3,1,0,3
46.30000019073486,3.75,3.5,3,0,2,2,2,2,1,1
50.072500228881836,2.5,2.7,11,1,2,2,4,3,0,2
55.25500011444092,2.25,2.5,10,1,2,2,3,1,1,3
61.19749927520752,4,4,11,1,2,1,2,2,0,3
60.515000343322754,4,3.3,11,1,2,2,3,1,1,3
64.33749961853027,3.5,4,8,1,2,2,3,1,0,3
40.39250087738037,2.125,2.3,7,0,2,2,3,1,0,1
41.31750011444092,2.625,2,8,1,2,1,4,2,0,2
50.734999656677246,3.625,3.8,11,1,2,2,2,1,0,3
54.08749866485596,2.375,2.8,12,1,2,2,3,2,1,2
36.80999946594238,3.25,2,8,0,2,3,2,3,0,2
51.562499046325684,4,4,12,1,2,1,3,1,1,3
68.44250106811523,3.75,3.8,12,0,2,2,2,2,0,3
51.92499923706055,3.75,3.3,11,1,2,2,3,2,0,3
50.09500026702881,3.625,3,14,1,2,2,4,1,0,3
57.41750144958496,3.375,3.5,9,1,2,2,4,2,0,2
58.17000102996826,3.125,3.3,11,1,2,2,4,2,0,3
45.34000015258789,2.375,3,11,1,2,1,4,2,0,2
46.30249881744385,2.125,2.8,12,0,2,1,3,1,0,3
62.109999656677246,3.125,2.5,11,1,2,2,3,1,2,3
62.47000026702881,2.375,2.5,10,2,2,2,3,2,0,2
47.640000343322754,2.625,2.3,10,1,2,2,3,2,1,2
44.76749897003174,1.25,2.5,6,1,2,4,1,4,0,3
55.435001373291016,1.5,3,4,0,2,1,3,1,0,3
45.31999969482422,1.375,0.5,9,1,2,1,2,2,0,1
55.632500648498535,3.625,3.5,11,0,2,2,4,2,0,2
40.78749942779541,2.375,2,9,0,2,2,3,2,1,3
49.732500076293945,2.75,2.3,5,0,2,2,3,1,0,3
61.60749912261963,3.75,3.5,10,1,2,2,3,2,0,3
52.73749923706055,2.5,4,10,0,2,2,3,1,0,3
55.78499984741211,3.625,4,9,1,2,1,3,2,0,2
44.74499988555908,2,2.5,11,1,2,4,4,1,1,3
42.157501220703125,2.625,1.8,11,1,2,3,4,1,1,3
52.65250015258789,3.625,3.3,9,1,2,2,3,2,0,3
57.135000228881836,3.625,3.8,9,0,2,1,4,1,1,3
45.882500648498535,3,3.8,10,0,2,2,2,2,1,3
37.86000061035156,1.5,1.6,8,1,2,1,3,1,1,3
57.47249984741211,3.125,3,10,1,2,2,3,2,1,3
46.53250026702881,2.25,2,8,1,2,3,1,2,0,3
42.51499938964844,2.125,2.8,13,1,2,1,4,1,0,2
46.3149995803833,2.625,2,11,1,2,2,3,2,1,2
51.0649995803833,3.25,2.3,8,1,2,2,3,1,0,3
58.08249855041504,2.875,3.3,10,1,2,2,3,2,0,3
52.170000076293945,1.625,1.8,11,1,2,4,1,4,1,1
48.19500160217285,2.5,2.3,7,1,2,2,2,1,0,2
54.0049991607666,3.25,2.8,11,0,2,1,1,1,2,2
63.250000953674316,4,4,14,1,2,3,4,2,0,3
52.83500003814697,1.25,2.3,11,1,2,1,3,1,0,3
44.302499771118164,3,3.3,13,1,2,3,2,2,2,3
57.247498512268066,3.5,2.3,9,1,2,2,3,2,0,3
55.77999973297119,3.25,3.5,11,1,2,2,2,1,0,3
48.36999988555908,3.125,3,10,1,2,2,3,2,0,2
58.079999923706055,3.75,4,8,1,2,1,3,2,0,3
53.73250102996826,2.25,3.3,8,0,2,2,3,2,0,3
60.7475004196167,3.25,3.8,12,2,2,2,3,2,0,1
52.010000228881836,2,1.1,9,1,2,2,3,2,1,3
55.72000026702881,3.25,3,11,2,2,2,3,2,0,3
42.357500076293945,2,2.3,10,1,2,1,1,1,1,3
57.109999656677246,3.5,3.5,11,1,2,1,2,2,0,2
48.77000045776367,2.5,2.3,8,0,2,2,3,1,0,3
51.21249961853027,2.5,2.3,11,2,2,2,2,2,0,3
45.12750053405762,1.5,2.8,11,1,2,2,3,2,1,1
59.85750102996826,4,4,7,1,2,2,4,1,2,3
41.90000057220459,2.625,2.5,11,0,2,2,2,2,0,1
65.09249877929688,4,4,10,1,2,1,3,2,0,3
48.38749980926514,3,1.8,10,1,2,2,2,2,1,2
53.22499942779541,2.5,2.5,9,0,2,2,3,2,0,3
72.36749839782715,4,4,11,1,2,2,3,2,0,3
62.285000801086426,3.75,3.5,9,1,2,2,4,2,0,3
70.2450008392334,4,3.8,12,2,2,2,4,2,0,3
64.60500144958496,3.375,3.8,10,0,2,1,4,1,0,3
60.41250038146973,3.25,2.8,8,1,2,2,3,2,1,3
45.27499961853027,3.625,3.5,11,1,2,2,3,2,0,2
67.76750087738037,3.75,3.5,11,2,2,2,3,2,0,2
37.40999937057495,2.125,2.3,13,1,3,1,2,1,1,3
54.859999656677246,3.75,4,11,1,3,2,3,2,0,3
53.52500057220459,3,3,9,1,3,2,2,1,0,2
40.6274995803833,2.5,1.5,11,1,3,2,3,2,1,3
53.22749996185303,3.625,3.8,13,2,3,1,2,1,0,3
59.83749961853027,2,2.3,14,2,3,2,3,2,0,3
59.4975004196167,3,2.5,15,1,3,2,2,2,1,2
58.614999771118164,3.25,3.5,12,1,3,2,4,2,0,1
37.30749988555908,3.375,3.3,12,1,3,1,2,1,1,1
54.0625,2.875,4,12,1,3,2,2,2,0,3
52.2524995803833,3.375,2,9,0,3,2,4,1,0,2
45.21249961853027,2.875,3.3,10,1,3,4,1,3,0,3
63.25500011444092,4,3.8,10,1,3,2,4,1,0,3
43.869998931884766,2.25,3.8,11,1,3,2,3,1,1,3
60.88749980926514,2.75,2.8,11,1,3,1,2,1,1,3
41.42750072479248,3.625,3.3,12,1,3,2,3,1,0,2
62.65999984741211,3.125,3.5,14,1,1,1,3,2,2,2
60.0674991607666,3,3,14,2,1,3,3,4,0,2
58.570000648498535,2.875,3.3,14,2,4,3,3,2,0,3
61.13999938964844,3.375,3,12,1,4,2,3,2,0,2
68.19750022888184,4,4,12,1,4,2,3,2,0,3
62.2450008392334,3.875,3.5,14,2,4,2,3,2,1,2
69.82999992370605,3.5,3.8,14,2,4,2,2,1,0,3
66.5625,3.25,3.3,15,1,4,1,4,3,0,2
50.7524995803833,3.25,3.5,14,2,4,2,3,2,0,3
70.86750030517578,3,3,14,1,4,2,3,2,0,3
50.38999938964844,3.625,4,14,1,4,1,4,1,0,3
58.5649995803833,3.125,3.3,15,2,4,2,4,1,0,3
